{"cameraMode":{"drawMode":0,"name":"Shaded","section":"Shading Mode"},"sceneLighting":true,"audioPlay":false,"sceneViewState":{"showFog":true,"showMaterialUpdate":false,"showSkybox":true,"showFlares":true,"showImageEffects":true,"showParticleSystems":true},"in2DMode":false,"pivot":{"x":-1.687347412109375,"y":1.068861484527588,"z":-1.9850373268127442},"rotation":{"x":-0.23239459097385407,"y":0.5821292996406555,"z":-0.1783592253923416,"w":-0.7584894895553589},"size":6.975777626037598,"orthographic":false}