{"cameraMode":{"drawMode":0,"name":"Shaded","section":"Shading Mode"},"sceneLighting":true,"audioPlay":false,"sceneViewState":{"showFog":true,"showMaterialUpdate":false,"showSkybox":true,"showFlares":true,"showImageEffects":true,"showParticleSystems":true},"in2DMode":false,"pivot":{"x":0.43177127838134768,"y":0.39126062393188479,"z":1.4794137477874756},"rotation":{"x":0.21139274537563325,"y":0.7021862268447876,"z":-0.23230740427970887,"w":0.6389685869216919},"size":3.7917158603668215,"orthographic":false}