{"cameraMode":{"drawMode":0,"name":"Shaded","section":"Shading Mode"},"sceneLighting":false,"audioPlay":false,"sceneViewState":{"showFog":true,"showMaterialUpdate":false,"showSkybox":false,"showFlares":true,"showImageEffects":true,"showParticleSystems":true},"in2DMode":false,"pivot":{"x":-0.0639345645904541,"y":0.8500000238418579,"z":1.9141751527786255},"rotation":{"x":-0.09931951016187668,"y":0.5981827974319458,"z":-0.07504933327436447,"w":-0.7916315793991089},"size":0.28578832745552065,"orthographic":false}