{"cameraMode":{"drawMode":0,"name":"Shaded","section":"Shading Mode"},"sceneLighting":true,"audioPlay":false,"sceneViewState":{"showFog":true,"showMaterialUpdate":false,"showSkybox":true,"showFlares":true,"showImageEffects":true,"showParticleSystems":true},"in2DMode":false,"pivot":{"x":-0.5942766666412354,"y":1.4379160404205323,"z":-0.4269733428955078},"rotation":{"x":-0.2176707535982132,"y":0.6434178948402405,"z":-0.19819369912147523,"w":-0.706648588180542},"size":4.554622650146484,"orthographic":false}