{"cameraMode":{"drawMode":0,"name":"Shaded","section":"Shading Mode"},"sceneLighting":true,"audioPlay":false,"sceneViewState":{"showFog":true,"showMaterialUpdate":false,"showSkybox":true,"showFlares":true,"showImageEffects":true,"showParticleSystems":true},"in2DMode":false,"pivot":{"x":6.7138991355896,"y":1.335062026977539,"z":9.716512680053711},"rotation":{"x":0.5079202651977539,"y":0.4914211928844452,"z":-0.48178863525390627,"w":0.5180753469467163},"size":10.118953704833985,"orthographic":false}